2015-10-27T18:14:40.049446,http://news.163.com/special/sichuanfeiyi/?1438568260824,聚焦四川非遗,http://news.163.com/
2015-10-27T18:14:40.049437,http://news.163.com/special/qingshanlvshui/?1439278948005,走在青山绿水间大型系列报道,http://news.163.com/
2015-10-27T18:14:40.049427,http://news.163.com/special/mlxz/?1442219323601,魅力西藏摄影作品征集活动,http://news.163.com/
2015-10-27T18:14:40.049418,http://lxsxb116.blog.163.com/blog/static/1435646222015924801441/,碧翰烽：女性参加官员宴会有多危险,http://news.163.com/
2015-10-27T18:14:40.049408,http://xinluduwu.blog.163.com/blog/static/229863001201592621535304/,心路独舞：美籍华人批判美国为啥遭痛批,http://news.163.com/
2015-10-27T18:14:40.049399,http://blog.163.com/tianye_1993/blog/static/5612946220159233531650/,菁城子：禁烧秸杆宣传血腥堪比计生,http://news.163.com/
2015-10-27T18:14:40.049390,http://xujingbo2012.blog.163.com/blog/static/203735200201592510450692/,徐静波：看看日本人如何歪曲南京大屠杀,http://news.163.com/
2015-10-27T18:14:40.049380,http://xiaorui-1982.blog.163.com/blog/static/131636715201592773012310/,萧锐：女司机开国企豪车天价违章背后,http://news.163.com/
2015-10-27T18:14:40.049371,http://blog.163.com/cctv1963@188/blog/static/46948892201592764111168/,"朱少华：""最大份炒饭""成白忙活才该庆幸",http://news.163.com/
2015-10-27T18:14:40.049361,http://jialaochong.blog.163.com/blog/static/184370420201592785036695/,夜跑女教师被害所引发的女性、地域歧视,http://news.163.com/
2015-10-27T18:14:40.049351,http://xubinism.blog.163.com/blog/static/10586078120159270926521/,房价会降?,http://news.163.com/
2015-10-27T18:14:40.049342,http://discovery.163.com/15/1026/22/B6SUQ7JO000125LI.html,全球变暖将给北方带来更多雨水,http://news.163.com/
2015-10-27T18:14:40.049332,http://discovery.163.com/15/1026/23/B6SV8US9000125LI.html,多国联手高科技探秘金字塔,http://news.163.com/
2015-10-27T18:14:40.049323,http://news.163.com/photoview/3R710001/100457.html,《看客》：重庆“森林”,http://news.163.com/
2015-10-27T18:14:40.049313,http://news.163.com/photoview/3R710001/100962.html,江山为界,http://news.163.com/
2015-10-27T18:14:40.049304,http://news.163.com/15/1027/10/B6U7IGNU00011229.html,郑州16年前银行劫案告破 匪首已资产过亿,http://news.163.com/
2015-10-27T18:14:40.049294,http://news.163.com/15/1027/13/B6UHO0EH0001124J.html,十二五人口增长低于预期 生育政策或调整,http://news.163.com/
2015-10-27T18:14:40.049284,http://news.163.com/special/mjnh_zhibo/,美国防部:美舰未进中国南海岛礁12海里内,http://news.163.com/
2015-10-27T18:14:40.049269,http://news.163.com/15/1027/13/B6UFR3CB00014PRF.html,习近平主持召开第17次深改组会议,http://news.163.com/
2015-10-27T18:14:50.041458,http://news.163.com/special/sichuanfeiyi/?1438568260824,聚焦四川非遗,http://news.163.com/
2015-10-27T18:14:50.041441,http://news.163.com/special/qingshanlvshui/?1439278948005,走在青山绿水间大型系列报道,http://news.163.com/
2015-10-27T18:14:50.041423,http://news.163.com/special/mlxz/?1442219323601,魅力西藏摄影作品征集活动,http://news.163.com/
2015-10-27T18:14:50.041407,http://lxsxb116.blog.163.com/blog/static/1435646222015924801441/,碧翰烽：女性参加官员宴会有多危险,http://news.163.com/
2015-10-27T18:14:50.041390,http://xinluduwu.blog.163.com/blog/static/229863001201592621535304/,心路独舞：美籍华人批判美国为啥遭痛批,http://news.163.com/
2015-10-27T18:14:50.041373,http://blog.163.com/tianye_1993/blog/static/5612946220159233531650/,菁城子：禁烧秸杆宣传血腥堪比计生,http://news.163.com/
2015-10-27T18:14:50.041355,http://xujingbo2012.blog.163.com/blog/static/203735200201592510450692/,徐静波：看看日本人如何歪曲南京大屠杀,http://news.163.com/
2015-10-27T18:14:50.041338,http://xiaorui-1982.blog.163.com/blog/static/131636715201592773012310/,萧锐：女司机开国企豪车天价违章背后,http://news.163.com/
2015-10-27T18:14:50.041320,http://blog.163.com/cctv1963@188/blog/static/46948892201592764111168/,"朱少华：""最大份炒饭""成白忙活才该庆幸",http://news.163.com/
2015-10-27T18:14:50.041303,http://jialaochong.blog.163.com/blog/static/184370420201592785036695/,夜跑女教师被害所引发的女性、地域歧视,http://news.163.com/
2015-10-27T18:14:50.041285,http://xubinism.blog.163.com/blog/static/10586078120159270926521/,房价会降?,http://news.163.com/
2015-10-27T18:14:50.041268,http://discovery.163.com/15/1026/22/B6SUQ7JO000125LI.html,全球变暖将给北方带来更多雨水,http://news.163.com/
2015-10-27T18:14:50.041250,http://discovery.163.com/15/1026/23/B6SV8US9000125LI.html,多国联手高科技探秘金字塔,http://news.163.com/
2015-10-27T18:14:50.041233,http://news.163.com/photoview/3R710001/100457.html,《看客》：重庆“森林”,http://news.163.com/
2015-10-27T18:14:50.041216,http://news.163.com/photoview/3R710001/100962.html,江山为界,http://news.163.com/
2015-10-27T18:14:50.041199,http://news.163.com/15/1027/10/B6U7IGNU00011229.html,郑州16年前银行劫案告破 匪首已资产过亿,http://news.163.com/
2015-10-27T18:14:50.041180,http://news.163.com/15/1027/13/B6UHO0EH0001124J.html,十二五人口增长低于预期 生育政策或调整,http://news.163.com/
2015-10-27T18:14:50.041162,http://news.163.com/special/mjnh_zhibo/,美国防部:美舰未进中国南海岛礁12海里内,http://news.163.com/
2015-10-27T18:14:50.041139,http://news.163.com/15/1027/13/B6UFR3CB00014PRF.html,习近平主持召开第17次深改组会议,http://news.163.com/
2015-10-27T18:15:00.176833,http://news.163.com/special/sichuanfeiyi/?1438568260824,聚焦四川非遗,http://news.163.com/
2015-10-27T18:15:00.176814,http://news.163.com/special/qingshanlvshui/?1439278948005,走在青山绿水间大型系列报道,http://news.163.com/
2015-10-27T18:15:00.176794,http://news.163.com/special/mlxz/?1442219323601,魅力西藏摄影作品征集活动,http://news.163.com/
2015-10-27T18:15:00.176775,http://lxsxb116.blog.163.com/blog/static/1435646222015924801441/,碧翰烽：女性参加官员宴会有多危险,http://news.163.com/
2015-10-27T18:15:00.176755,http://xinluduwu.blog.163.com/blog/static/229863001201592621535304/,心路独舞：美籍华人批判美国为啥遭痛批,http://news.163.com/
2015-10-27T18:15:00.176735,http://blog.163.com/tianye_1993/blog/static/5612946220159233531650/,菁城子：禁烧秸杆宣传血腥堪比计生,http://news.163.com/
2015-10-27T18:15:00.176716,http://xujingbo2012.blog.163.com/blog/static/203735200201592510450692/,徐静波：看看日本人如何歪曲南京大屠杀,http://news.163.com/
2015-10-27T18:15:00.176696,http://xiaorui-1982.blog.163.com/blog/static/131636715201592773012310/,萧锐：女司机开国企豪车天价违章背后,http://news.163.com/
2015-10-27T18:15:00.176677,http://blog.163.com/cctv1963@188/blog/static/46948892201592764111168/,"朱少华：""最大份炒饭""成白忙活才该庆幸",http://news.163.com/
2015-10-27T18:15:00.176659,http://jialaochong.blog.163.com/blog/static/184370420201592785036695/,夜跑女教师被害所引发的女性、地域歧视,http://news.163.com/
2015-10-27T18:15:00.176638,http://xubinism.blog.163.com/blog/static/10586078120159270926521/,房价会降?,http://news.163.com/
2015-10-27T18:15:00.176620,http://discovery.163.com/15/1026/22/B6SUQ7JO000125LI.html,全球变暖将给北方带来更多雨水,http://news.163.com/
2015-10-27T18:15:00.176601,http://discovery.163.com/15/1026/23/B6SV8US9000125LI.html,多国联手高科技探秘金字塔,http://news.163.com/
2015-10-27T18:15:00.176582,http://news.163.com/photoview/3R710001/100457.html,《看客》：重庆“森林”,http://news.163.com/
2015-10-27T18:15:00.176562,http://news.163.com/photoview/3R710001/100962.html,江山为界,http://news.163.com/
2015-10-27T18:15:00.176534,http://news.163.com/15/1027/10/B6U7IGNU00011229.html,郑州16年前银行劫案告破 匪首已资产过亿,http://news.163.com/
2015-10-27T18:15:00.176509,http://news.163.com/15/1027/13/B6UHO0EH0001124J.html,十二五人口增长低于预期 生育政策或调整,http://news.163.com/
2015-10-27T18:15:00.176466,http://news.163.com/special/mjnh_zhibo/,美国防部:美舰未进中国南海岛礁12海里内,http://news.163.com/
2015-10-27T18:15:00.176436,http://news.163.com/15/1027/13/B6UFR3CB00014PRF.html,习近平主持召开第17次深改组会议,http://news.163.com/
2015-10-27T18:15:10.528830,http://news.163.com/special/sichuanfeiyi/?1438568260824,聚焦四川非遗,http://news.163.com/
2015-10-27T18:15:10.528821,http://news.163.com/special/qingshanlvshui/?1439278948005,走在青山绿水间大型系列报道,http://news.163.com/
2015-10-27T18:15:10.528811,http://news.163.com/special/mlxz/?1442219323601,魅力西藏摄影作品征集活动,http://news.163.com/
2015-10-27T18:15:10.528802,http://lxsxb116.blog.163.com/blog/static/1435646222015924801441/,碧翰烽：女性参加官员宴会有多危险,http://news.163.com/
2015-10-27T18:15:10.528792,http://xinluduwu.blog.163.com/blog/static/229863001201592621535304/,心路独舞：美籍华人批判美国为啥遭痛批,http://news.163.com/
2015-10-27T18:15:10.528783,http://blog.163.com/tianye_1993/blog/static/5612946220159233531650/,菁城子：禁烧秸杆宣传血腥堪比计生,http://news.163.com/
2015-10-27T18:15:10.528773,http://xujingbo2012.blog.163.com/blog/static/203735200201592510450692/,徐静波：看看日本人如何歪曲南京大屠杀,http://news.163.com/
2015-10-27T18:15:10.528764,http://xiaorui-1982.blog.163.com/blog/static/131636715201592773012310/,萧锐：女司机开国企豪车天价违章背后,http://news.163.com/
2015-10-27T18:15:10.528755,http://blog.163.com/cctv1963@188/blog/static/46948892201592764111168/,"朱少华：""最大份炒饭""成白忙活才该庆幸",http://news.163.com/
2015-10-27T18:15:10.528745,http://jialaochong.blog.163.com/blog/static/184370420201592785036695/,夜跑女教师被害所引发的女性、地域歧视,http://news.163.com/
2015-10-27T18:15:10.528735,http://xubinism.blog.163.com/blog/static/10586078120159270926521/,房价会降?,http://news.163.com/
2015-10-27T18:15:10.528726,http://discovery.163.com/15/1026/22/B6SUQ7JO000125LI.html,全球变暖将给北方带来更多雨水,http://news.163.com/
2015-10-27T18:15:10.528717,http://discovery.163.com/15/1026/23/B6SV8US9000125LI.html,多国联手高科技探秘金字塔,http://news.163.com/
2015-10-27T18:15:10.528708,http://news.163.com/photoview/3R710001/100457.html,《看客》：重庆“森林”,http://news.163.com/
2015-10-27T18:15:10.528698,http://news.163.com/photoview/3R710001/100962.html,江山为界,http://news.163.com/
2015-10-27T18:15:10.528689,http://news.163.com/15/1027/10/B6U7IGNU00011229.html,郑州16年前银行劫案告破 匪首已资产过亿,http://news.163.com/
2015-10-27T18:15:10.528678,http://news.163.com/15/1027/13/B6UHO0EH0001124J.html,十二五人口增长低于预期 生育政策或调整,http://news.163.com/
2015-10-27T18:15:10.528668,http://news.163.com/special/mjnh_zhibo/,美国防部:美舰未进中国南海岛礁12海里内,http://news.163.com/
2015-10-27T18:15:10.528653,http://news.163.com/15/1027/13/B6UFR3CB00014PRF.html,习近平主持召开第17次深改组会议,http://news.163.com/
2015-10-27T18:15:20.335768,http://news.163.com/special/sichuanfeiyi/?1438568260824,聚焦四川非遗,http://news.163.com/
2015-10-27T18:15:20.335750,http://news.163.com/special/qingshanlvshui/?1439278948005,走在青山绿水间大型系列报道,http://news.163.com/
2015-10-27T18:15:20.335730,http://news.163.com/special/mlxz/?1442219323601,魅力西藏摄影作品征集活动,http://news.163.com/
2015-10-27T18:15:20.335713,http://lxsxb116.blog.163.com/blog/static/1435646222015924801441/,碧翰烽：女性参加官员宴会有多危险,http://news.163.com/
2015-10-27T18:15:20.335697,http://xinluduwu.blog.163.com/blog/static/229863001201592621535304/,心路独舞：美籍华人批判美国为啥遭痛批,http://news.163.com/
2015-10-27T18:15:20.335681,http://blog.163.com/tianye_1993/blog/static/5612946220159233531650/,菁城子：禁烧秸杆宣传血腥堪比计生,http://news.163.com/
2015-10-27T18:15:20.335664,http://xujingbo2012.blog.163.com/blog/static/203735200201592510450692/,徐静波：看看日本人如何歪曲南京大屠杀,http://news.163.com/
2015-10-27T18:15:20.335646,http://xiaorui-1982.blog.163.com/blog/static/131636715201592773012310/,萧锐：女司机开国企豪车天价违章背后,http://news.163.com/
2015-10-27T18:15:20.335625,http://blog.163.com/cctv1963@188/blog/static/46948892201592764111168/,"朱少华：""最大份炒饭""成白忙活才该庆幸",http://news.163.com/
2015-10-27T18:15:20.335508,http://jialaochong.blog.163.com/blog/static/184370420201592785036695/,夜跑女教师被害所引发的女性、地域歧视,http://news.163.com/
2015-10-27T18:15:20.335492,http://xubinism.blog.163.com/blog/static/10586078120159270926521/,房价会降?,http://news.163.com/
2015-10-27T18:15:20.335475,http://discovery.163.com/15/1026/22/B6SUQ7JO000125LI.html,全球变暖将给北方带来更多雨水,http://news.163.com/
2015-10-27T18:15:20.335459,http://discovery.163.com/15/1026/23/B6SV8US9000125LI.html,多国联手高科技探秘金字塔,http://news.163.com/
2015-10-27T18:15:20.335442,http://news.163.com/photoview/3R710001/100457.html,《看客》：重庆“森林”,http://news.163.com/
2015-10-27T18:15:20.335424,http://news.163.com/photoview/3R710001/100962.html,江山为界,http://news.163.com/
2015-10-27T18:15:20.335406,http://news.163.com/15/1027/10/B6U7IGNU00011229.html,郑州16年前银行劫案告破 匪首已资产过亿,http://news.163.com/
2015-10-27T18:15:20.335385,http://news.163.com/15/1027/13/B6UHO0EH0001124J.html,十二五人口增长低于预期 生育政策或调整,http://news.163.com/
2015-10-27T18:15:20.335287,http://news.163.com/special/mjnh_zhibo/,美国防部:美舰未进中国南海岛礁12海里内,http://news.163.com/
2015-10-27T18:15:20.335246,http://news.163.com/15/1027/13/B6UFR3CB00014PRF.html,习近平主持召开第17次深改组会议,http://news.163.com/
2015-10-27T18:15:30.264267,http://news.163.com/special/sichuanfeiyi/?1438568260824,聚焦四川非遗,http://news.163.com/
2015-10-27T18:15:30.264246,http://news.163.com/special/qingshanlvshui/?1439278948005,走在青山绿水间大型系列报道,http://news.163.com/
2015-10-27T18:15:30.264222,http://news.163.com/special/mlxz/?1442219323601,魅力西藏摄影作品征集活动,http://news.163.com/
2015-10-27T18:15:30.264176,http://lxsxb116.blog.163.com/blog/static/1435646222015924801441/,碧翰烽：女性参加官员宴会有多危险,http://news.163.com/
2015-10-27T18:15:30.264011,http://xinluduwu.blog.163.com/blog/static/229863001201592621535304/,心路独舞：美籍华人批判美国为啥遭痛批,http://news.163.com/
2015-10-27T18:15:30.263989,http://blog.163.com/tianye_1993/blog/static/5612946220159233531650/,菁城子：禁烧秸杆宣传血腥堪比计生,http://news.163.com/
2015-10-27T18:15:30.263970,http://xujingbo2012.blog.163.com/blog/static/203735200201592510450692/,徐静波：看看日本人如何歪曲南京大屠杀,http://news.163.com/
2015-10-27T18:15:30.263951,http://xiaorui-1982.blog.163.com/blog/static/131636715201592773012310/,萧锐：女司机开国企豪车天价违章背后,http://news.163.com/
2015-10-27T18:15:30.263931,http://blog.163.com/cctv1963@188/blog/static/46948892201592764111168/,"朱少华：""最大份炒饭""成白忙活才该庆幸",http://news.163.com/
2015-10-27T18:15:30.263909,http://jialaochong.blog.163.com/blog/static/184370420201592785036695/,夜跑女教师被害所引发的女性、地域歧视,http://news.163.com/
2015-10-27T18:15:30.263884,http://xubinism.blog.163.com/blog/static/10586078120159270926521/,房价会降?,http://news.163.com/
2015-10-27T18:15:30.263862,http://discovery.163.com/15/1026/22/B6SUQ7JO000125LI.html,全球变暖将给北方带来更多雨水,http://news.163.com/
2015-10-27T18:15:30.263837,http://discovery.163.com/15/1026/23/B6SV8US9000125LI.html,多国联手高科技探秘金字塔,http://news.163.com/
2015-10-27T18:15:30.263810,http://news.163.com/photoview/3R710001/100457.html,《看客》：重庆“森林”,http://news.163.com/
2015-10-27T18:15:30.263782,http://news.163.com/photoview/3R710001/100962.html,江山为界,http://news.163.com/
2015-10-27T18:15:30.263763,http://news.163.com/15/1027/10/B6U7IGNU00011229.html,郑州16年前银行劫案告破 匪首已资产过亿,http://news.163.com/
2015-10-27T18:15:30.263740,http://news.163.com/15/1027/13/B6UHO0EH0001124J.html,十二五人口增长低于预期 生育政策或调整,http://news.163.com/
2015-10-27T18:15:30.263712,http://news.163.com/special/mjnh_zhibo/,美国防部:美舰未进中国南海岛礁12海里内,http://news.163.com/
2015-10-27T18:15:30.263676,http://news.163.com/15/1027/13/B6UFR3CB00014PRF.html,习近平主持召开第17次深改组会议,http://news.163.com/
2015-10-27T18:15:40.390240,http://news.163.com/special/sichuanfeiyi/?1438568260824,聚焦四川非遗,http://news.163.com/
2015-10-27T18:15:40.390223,http://news.163.com/special/qingshanlvshui/?1439278948005,走在青山绿水间大型系列报道,http://news.163.com/
2015-10-27T18:15:40.390206,http://news.163.com/special/mlxz/?1442219323601,魅力西藏摄影作品征集活动,http://news.163.com/
2015-10-27T18:15:40.390189,http://lxsxb116.blog.163.com/blog/static/1435646222015924801441/,碧翰烽：女性参加官员宴会有多危险,http://news.163.com/
2015-10-27T18:15:40.390172,http://xinluduwu.blog.163.com/blog/static/229863001201592621535304/,心路独舞：美籍华人批判美国为啥遭痛批,http://news.163.com/
2015-10-27T18:15:40.390155,http://blog.163.com/tianye_1993/blog/static/5612946220159233531650/,菁城子：禁烧秸杆宣传血腥堪比计生,http://news.163.com/
2015-10-27T18:15:40.390138,http://xujingbo2012.blog.163.com/blog/static/203735200201592510450692/,徐静波：看看日本人如何歪曲南京大屠杀,http://news.163.com/
2015-10-27T18:15:40.390121,http://xiaorui-1982.blog.163.com/blog/static/131636715201592773012310/,萧锐：女司机开国企豪车天价违章背后,http://news.163.com/
2015-10-27T18:15:40.390103,http://blog.163.com/cctv1963@188/blog/static/46948892201592764111168/,"朱少华：""最大份炒饭""成白忙活才该庆幸",http://news.163.com/
2015-10-27T18:15:40.390086,http://jialaochong.blog.163.com/blog/static/184370420201592785036695/,夜跑女教师被害所引发的女性、地域歧视,http://news.163.com/
2015-10-27T18:15:40.390069,http://xubinism.blog.163.com/blog/static/10586078120159270926521/,房价会降?,http://news.163.com/
2015-10-27T18:15:40.390052,http://discovery.163.com/15/1026/22/B6SUQ7JO000125LI.html,全球变暖将给北方带来更多雨水,http://news.163.com/
2015-10-27T18:15:40.390035,http://discovery.163.com/15/1026/23/B6SV8US9000125LI.html,多国联手高科技探秘金字塔,http://news.163.com/
2015-10-27T18:15:40.390018,http://news.163.com/photoview/3R710001/100457.html,《看客》：重庆“森林”,http://news.163.com/
2015-10-27T18:15:40.390001,http://news.163.com/photoview/3R710001/100962.html,江山为界,http://news.163.com/
2015-10-27T18:15:40.389984,http://news.163.com/15/1027/10/B6U7IGNU00011229.html,郑州16年前银行劫案告破 匪首已资产过亿,http://news.163.com/
2015-10-27T18:15:40.389966,http://news.163.com/15/1027/13/B6UHO0EH0001124J.html,十二五人口增长低于预期 生育政策或调整,http://news.163.com/
2015-10-27T18:15:40.389948,http://news.163.com/special/mjnh_zhibo/,美国防部:美舰未进中国南海岛礁12海里内,http://news.163.com/
2015-10-27T18:15:40.389924,http://news.163.com/15/1027/13/B6UFR3CB00014PRF.html,习近平主持召开第17次深改组会议,http://news.163.com/
2015-10-27T18:15:50.595807,http://news.163.com/special/sichuanfeiyi/?1438568260824,聚焦四川非遗,http://news.163.com/
2015-10-27T18:15:50.595798,http://news.163.com/special/qingshanlvshui/?1439278948005,走在青山绿水间大型系列报道,http://news.163.com/
2015-10-27T18:15:50.595789,http://news.163.com/special/mlxz/?1442219323601,魅力西藏摄影作品征集活动,http://news.163.com/
2015-10-27T18:15:50.595780,http://lxsxb116.blog.163.com/blog/static/1435646222015924801441/,碧翰烽：女性参加官员宴会有多危险,http://news.163.com/
2015-10-27T18:15:50.595771,http://xinluduwu.blog.163.com/blog/static/229863001201592621535304/,心路独舞：美籍华人批判美国为啥遭痛批,http://news.163.com/
2015-10-27T18:15:50.595762,http://blog.163.com/tianye_1993/blog/static/5612946220159233531650/,菁城子：禁烧秸杆宣传血腥堪比计生,http://news.163.com/
2015-10-27T18:15:50.595753,http://xujingbo2012.blog.163.com/blog/static/203735200201592510450692/,徐静波：看看日本人如何歪曲南京大屠杀,http://news.163.com/
2015-10-27T18:15:50.595744,http://xiaorui-1982.blog.163.com/blog/static/131636715201592773012310/,萧锐：女司机开国企豪车天价违章背后,http://news.163.com/
2015-10-27T18:15:50.595734,http://blog.163.com/cctv1963@188/blog/static/46948892201592764111168/,"朱少华：""最大份炒饭""成白忙活才该庆幸",http://news.163.com/
2015-10-27T18:15:50.595725,http://jialaochong.blog.163.com/blog/static/184370420201592785036695/,夜跑女教师被害所引发的女性、地域歧视,http://news.163.com/
2015-10-27T18:15:50.595715,http://xubinism.blog.163.com/blog/static/10586078120159270926521/,房价会降?,http://news.163.com/
2015-10-27T18:15:50.595706,http://discovery.163.com/15/1026/22/B6SUQ7JO000125LI.html,全球变暖将给北方带来更多雨水,http://news.163.com/
2015-10-27T18:15:50.595697,http://discovery.163.com/15/1026/23/B6SV8US9000125LI.html,多国联手高科技探秘金字塔,http://news.163.com/
2015-10-27T18:15:50.595687,http://news.163.com/photoview/3R710001/100457.html,《看客》：重庆“森林”,http://news.163.com/
2015-10-27T18:15:50.595678,http://news.163.com/photoview/3R710001/100962.html,江山为界,http://news.163.com/
2015-10-27T18:15:50.595669,http://news.163.com/15/1027/10/B6U7IGNU00011229.html,郑州16年前银行劫案告破 匪首已资产过亿,http://news.163.com/
2015-10-27T18:15:50.595658,http://news.163.com/15/1027/13/B6UHO0EH0001124J.html,十二五人口增长低于预期 生育政策或调整,http://news.163.com/
2015-10-27T18:15:50.595648,http://news.163.com/special/mjnh_zhibo/,美国防部:美舰未进中国南海岛礁12海里内,http://news.163.com/
2015-10-27T18:15:50.595633,http://news.163.com/15/1027/13/B6UFR3CB00014PRF.html,习近平主持召开第17次深改组会议,http://news.163.com/
2015-10-27T18:16:00.578246,http://news.163.com/special/sichuanfeiyi/?1438568260824,聚焦四川非遗,http://news.163.com/
2015-10-27T18:16:00.578237,http://news.163.com/special/qingshanlvshui/?1439278948005,走在青山绿水间大型系列报道,http://news.163.com/
2015-10-27T18:16:00.578227,http://news.163.com/special/mlxz/?1442219323601,魅力西藏摄影作品征集活动,http://news.163.com/
2015-10-27T18:16:00.578218,http://lxsxb116.blog.163.com/blog/static/1435646222015924801441/,碧翰烽：女性参加官员宴会有多危险,http://news.163.com/
2015-10-27T18:16:00.578208,http://xinluduwu.blog.163.com/blog/static/229863001201592621535304/,心路独舞：美籍华人批判美国为啥遭痛批,http://news.163.com/
2015-10-27T18:16:00.578199,http://blog.163.com/tianye_1993/blog/static/5612946220159233531650/,菁城子：禁烧秸杆宣传血腥堪比计生,http://news.163.com/
2015-10-27T18:16:00.578189,http://xujingbo2012.blog.163.com/blog/static/203735200201592510450692/,徐静波：看看日本人如何歪曲南京大屠杀,http://news.163.com/
2015-10-27T18:16:00.578180,http://xiaorui-1982.blog.163.com/blog/static/131636715201592773012310/,萧锐：女司机开国企豪车天价违章背后,http://news.163.com/
2015-10-27T18:16:00.578171,http://blog.163.com/cctv1963@188/blog/static/46948892201592764111168/,"朱少华：""最大份炒饭""成白忙活才该庆幸",http://news.163.com/
2015-10-27T18:16:00.578161,http://jialaochong.blog.163.com/blog/static/184370420201592785036695/,夜跑女教师被害所引发的女性、地域歧视,http://news.163.com/
2015-10-27T18:16:00.578151,http://xubinism.blog.163.com/blog/static/10586078120159270926521/,房价会降?,http://news.163.com/
2015-10-27T18:16:00.578141,http://discovery.163.com/15/1026/22/B6SUQ7JO000125LI.html,全球变暖将给北方带来更多雨水,http://news.163.com/
2015-10-27T18:16:00.578132,http://discovery.163.com/15/1026/23/B6SV8US9000125LI.html,多国联手高科技探秘金字塔,http://news.163.com/
2015-10-27T18:16:00.578122,http://news.163.com/photoview/3R710001/100457.html,《看客》：重庆“森林”,http://news.163.com/
2015-10-27T18:16:00.578113,http://news.163.com/photoview/3R710001/100962.html,江山为界,http://news.163.com/
2015-10-27T18:16:00.578104,http://news.163.com/15/1027/10/B6U7IGNU00011229.html,郑州16年前银行劫案告破 匪首已资产过亿,http://news.163.com/
2015-10-27T18:16:00.578093,http://news.163.com/15/1027/13/B6UHO0EH0001124J.html,十二五人口增长低于预期 生育政策或调整,http://news.163.com/
2015-10-27T18:16:00.578083,http://news.163.com/special/mjnh_zhibo/,美国防部:美舰未进中国南海岛礁12海里内,http://news.163.com/
2015-10-27T18:16:00.578067,http://news.163.com/15/1027/13/B6UFR3CB00014PRF.html,习近平主持召开第17次深改组会议,http://news.163.com/
2015-10-27T18:16:11.067611,http://news.163.com/special/sichuanfeiyi/?1438568260824,聚焦四川非遗,http://news.163.com/
2015-10-27T18:16:11.067602,http://news.163.com/special/qingshanlvshui/?1439278948005,走在青山绿水间大型系列报道,http://news.163.com/
2015-10-27T18:16:11.067592,http://news.163.com/special/mlxz/?1442219323601,魅力西藏摄影作品征集活动,http://news.163.com/
2015-10-27T18:16:11.067583,http://lxsxb116.blog.163.com/blog/static/1435646222015924801441/,碧翰烽：女性参加官员宴会有多危险,http://news.163.com/
2015-10-27T18:16:11.067574,http://xinluduwu.blog.163.com/blog/static/229863001201592621535304/,心路独舞：美籍华人批判美国为啥遭痛批,http://news.163.com/
2015-10-27T18:16:11.067565,http://blog.163.com/tianye_1993/blog/static/5612946220159233531650/,菁城子：禁烧秸杆宣传血腥堪比计生,http://news.163.com/
2015-10-27T18:16:11.067555,http://xujingbo2012.blog.163.com/blog/static/203735200201592510450692/,徐静波：看看日本人如何歪曲南京大屠杀,http://news.163.com/
2015-10-27T18:16:11.067546,http://xiaorui-1982.blog.163.com/blog/static/131636715201592773012310/,萧锐：女司机开国企豪车天价违章背后,http://news.163.com/
2015-10-27T18:16:11.067536,http://blog.163.com/cctv1963@188/blog/static/46948892201592764111168/,"朱少华：""最大份炒饭""成白忙活才该庆幸",http://news.163.com/
2015-10-27T18:16:11.067527,http://jialaochong.blog.163.com/blog/static/184370420201592785036695/,夜跑女教师被害所引发的女性、地域歧视,http://news.163.com/
2015-10-27T18:16:11.067516,http://xubinism.blog.163.com/blog/static/10586078120159270926521/,房价会降?,http://news.163.com/
2015-10-27T18:16:11.067507,http://discovery.163.com/15/1026/22/B6SUQ7JO000125LI.html,全球变暖将给北方带来更多雨水,http://news.163.com/
2015-10-27T18:16:11.067498,http://discovery.163.com/15/1026/23/B6SV8US9000125LI.html,多国联手高科技探秘金字塔,http://news.163.com/
2015-10-27T18:16:11.067488,http://news.163.com/photoview/3R710001/100457.html,《看客》：重庆“森林”,http://news.163.com/
2015-10-27T18:16:11.067478,http://news.163.com/photoview/3R710001/100962.html,江山为界,http://news.163.com/
2015-10-27T18:16:11.067469,http://news.163.com/15/1027/10/B6U7IGNU00011229.html,郑州16年前银行劫案告破 匪首已资产过亿,http://news.163.com/
2015-10-27T18:16:11.067459,http://news.163.com/15/1027/13/B6UHO0EH0001124J.html,十二五人口增长低于预期 生育政策或调整,http://news.163.com/
2015-10-27T18:16:11.067449,http://news.163.com/special/mjnh_zhibo/,美国防部:美舰未进中国南海岛礁12海里内,http://news.163.com/
2015-10-27T18:16:11.067432,http://news.163.com/15/1027/13/B6UFR3CB00014PRF.html,习近平主持召开第17次深改组会议,http://news.163.com/
